Activity Type,Date,Favorite,Title,Distance,Calories,Time,Avg HR,Max HR,Avg Speed,Max Speed,Total Ascent,Total Descent,Avg Stride Length,Avg Vertical Ratio,Avg Vertical Oscillation,Avg Ground Contact Time,Training Stress ScoreÂ®,Grit,Flow,Avg. Swolf,Avg Stroke Rate,Total Reps,Min Temp,Decompression,Best Lap Time,Number of Laps,Max Temp,Moving Time,Elapsed Time,Min Elevation,Max Elevation
Cycling,2024-09-20 07:37:58,false,"Manor Cycling","30.35","1,235","01:42:16","143","168","17.8","38.8","1,493","1,654","NaN","NaN","NaN","NaN","0.0","NaN","NaN","NaN","NaN","NaN","82.4","No","00:01:14.2","7","89.6","01:41:56","01:54:13","322","639"
Cycling,2024-09-18 07:24:16,false,"Manor Cycling","30.38","1,194","01:42:06","142","171","17.9","38.2","2,060","2,008","NaN","NaN","NaN","NaN","0.0","NaN","NaN","NaN","NaN","NaN","80.6","No","00:01:23.5","7","86.0","01:41:15","01:51:09","334","640"
Cycling,2024-09-17 07:24:11,false,"Manor Cycling","30.61","1,216","01:45:20","142","173","17.4","35.6","1,483","1,519","NaN","NaN","NaN","NaN","0.0","NaN","NaN","NaN","NaN","NaN","77.0","No","00:02:07.1","7","86.0","01:44:37","01:56:26","401","644"
Cycling,2024-09-13 07:11:21,false,"Manor Cycling","38.25","1,262","02:27:09","124","168","15.6","38.1","2,100","2,297","NaN","NaN","NaN","NaN","0.0","NaN","NaN","NaN","NaN","NaN","71.6","No","00:11:44","8","91.4","02:25:46","03:22:40","309","632"
Cycling,2024-09-12 17:18:02,false,"Manor Cycling","28.42","1,101","01:40:17","141","163","17.0","32.4","2,451","2,539","NaN","NaN","NaN","NaN","0.0","NaN","NaN","NaN","NaN","NaN","87.8","No","00:12:36","6","95.0","01:39:47","01:45:57","240","606"
Cycling,2024-09-11 18:28:44,false,"Austin Cycling","25.03","1,088","01:27:36","147","175","17.1","32.4","1,201","1,348","NaN","NaN","NaN","NaN","0.0","NaN","NaN","NaN","NaN","NaN","84.2","No","00:00:13.9","6","91.4","01:27:07","01:32:37","264","547"
Cycling,2024-09-05 18:17:29,false,"Manor Cycling","28.38","1,219","01:36:07","149","169","17.7","32.2","1,562","1,562","NaN","NaN","NaN","NaN","0.0","NaN","NaN","NaN","NaN","NaN","84.2","No","00:11:19","6","89.6","01:35:32","01:40:29","410","696"
Cycling,2024-09-02 07:05:41,false,"Manor Cycling","30.58","1,386","01:46:11","150","195","17.3","34.3","1,709","1,739","NaN","NaN","NaN","NaN","0.0","NaN","NaN","NaN","NaN","NaN","82.4","No","00:01:58.2","7","86.0","01:45:42","01:59:22","320","621"
Cycling,2024-08-31 07:34:46,false,"Austin Cycling","25.50","945","01:45:21","130","173","14.5","29.1","1,421","1,234","NaN","NaN","NaN","NaN","0.0","NaN","NaN","NaN","NaN","NaN","80.6","No","00:02:00.0","6","87.8","01:43:59","02:02:54","446","924"
Cycling,2024-08-30 06:36:06,false,"Manor Cycling","61.36","2,052","04:08:09","127","171","14.8","33.2","5,817","6,043","NaN","NaN","NaN","NaN","0.0","NaN","NaN","NaN","NaN","NaN","77.0","No","00:05:59.5","13","95.0","04:04:48","05:23:51","145","824"
Cycling,2024-08-25 18:56:36,false,"Manor Cycling","28.29","992","01:42:26","135","170","16.6","34.8","1,732","1,726","NaN","NaN","NaN","NaN","0.0","NaN","NaN","NaN","NaN","NaN","87.8","No","00:12:49","6","93.2","01:41:31","01:50:06","302","694"
Cycling,2024-08-20 17:44:04,false,"Manor Cycling","28.70","975","01:53:00","125","172","15.2","33.0","1,818","1,857","NaN","NaN","NaN","NaN","0.0","NaN","NaN","NaN","NaN","NaN","89.6","No","00:15:17","6","100.4","01:52:26","02:12:05","344","644"
Cycling,2024-08-17 07:04:23,false,"Manor Cycling","23.76","770","01:34:57","122","161","15.0","32.0","2,083","2,441","NaN","NaN","NaN","NaN","0.0","NaN","NaN","NaN","NaN","NaN","80.6","No","00:15:08","5","87.8","01:33:48","01:40:42","276","1,001"
Cycling,2024-08-16 06:46:37,false,"Manor Cycling","42.96","1,566","02:51:01","131","174","15.1","33.9","3,327","3,018","NaN","NaN","NaN","NaN","0.0","NaN","NaN","NaN","NaN","NaN","82.4","No","00:11:47","9","93.2","02:49:16","03:27:29","477","1,253"
Cycling,2024-08-01 17:44:17,false,"Manor Cycling","30.77","1,486","01:50:34","154","184","16.7","34.8","1,870","1,909","NaN","NaN","NaN","NaN","0.0","NaN","NaN","NaN","NaN","NaN","89.6","No","00:03:13.6","7","98.6","01:49:43","02:02:19","465","709"
Cycling,2024-07-25 16:42:01,false,"Manor Cycling","30.64","844","02:28:34","106","177","12.4","34.3","1,677","1,637","NaN","NaN","NaN","NaN","0.0","NaN","NaN","NaN","NaN","NaN","82.4","No","00:02:54.5","7","96.8","02:27:36","02:51:50","240","614"
Cycling,2024-07-19 06:40:49,false,"Manor Cycling","30.71","1,014","02:03:20","125","171","14.9","35.2","1,936","2,021","NaN","NaN","NaN","NaN","0.0","NaN","NaN","NaN","NaN","NaN","78.8","No","00:03:02.1","7","87.8","02:02:18","02:14:14","317","626"
Cycling,2024-06-28 07:33:02,false,"Manor Cycling","45.85","1,379","03:23:14","115","160","13.5","26.7","3,091","3,255","NaN","NaN","NaN","NaN","0.0","NaN","NaN","NaN","NaN","NaN","82.4","No","00:04:46.7","10","96.8","03:21:06","04:32:37","186","606"
Cycling,2024-06-27 07:05:03,false,"Manor Cycling","30.93","1,320","01:43:40","147","174","17.9","32.2","1,890","1,949","NaN","NaN","NaN","NaN","0.0","NaN","NaN","NaN","NaN","NaN","82.4","No","00:03:15.7","7","93.2","01:43:14","02:00:24","331","650"
Cycling,2024-06-25 07:19:07,false,"Manor Cycling","30.91","1,308","01:49:19","143","170","17.0","35.5","1,867","1,916","NaN","NaN","NaN","NaN","0.0","NaN","NaN","NaN","NaN","NaN","84.2","No","00:03:28.0","7","93.2","01:48:35","02:06:29","401","675"
Cycling,2024-06-21 07:24:54,false,"Manor Cycling","30.94","1,147","01:47:01","139","170","17.3","33.3","1,949","1,998","NaN","NaN","NaN","NaN","0.0","NaN","NaN","NaN","NaN","NaN","82.4","No","00:03:29.6","7","89.6","01:46:35","01:57:38","425","725"
Cycling,2024-06-19 07:22:16,false,"Manor Cycling","30.96","1,295","01:46:50","145","170","17.4","35.8","1,791","1,827","NaN","NaN","NaN","NaN","0.0","NaN","NaN","NaN","NaN","NaN","80.6","No","00:03:14.9","7","86.0","01:46:07","01:57:11","359","675"
Cycling,2024-06-14 07:16:11,false,"Manor Cycling","40.46","1,315","02:45:40","121","172","14.7","36.0","2,365","2,552","NaN","NaN","NaN","NaN","0.0","NaN","NaN","NaN","NaN","NaN","80.6","No","00:02:02.4","9","95.0","02:44:15","03:18:57","370","629"
Cycling,2024-06-08 07:21:54,false,"Manor Cycling","40.23","1,273","03:02:51","115","164","13.2","36.7","2,592","2,520","NaN","NaN","NaN","NaN","0.0","NaN","NaN","NaN","NaN","NaN","78.8","No","00:01:13.5","9","95.0","03:00:35","03:48:13","436","734"
Cycling,2024-05-30 07:27:17,false,"Manor Cycling","31.05","1,367","01:51:59","148","175","16.6","34.6","1,844","1,952","NaN","NaN","NaN","NaN","0.0","NaN","NaN","NaN","NaN","NaN","80.6","No","00:04:13.3","7","89.6","01:51:25","02:00:54","340","614"
Cycling,2024-05-15 07:37:37,false,"Manor Cycling","31.08","1,218","01:52:33","140","166","16.6","34.4","1,877","2,028","NaN","NaN","NaN","NaN","0.0","NaN","NaN","NaN","NaN","NaN","73.4","No","00:04:20.3","7","87.8","01:52:03","02:02:41","294","628"
Cycling,2024-04-03 11:53:18,false,"Manor Cycling","31.36","1,279","01:58:03","142","168","15.9","33.4","1,673","1,617","NaN","NaN","NaN","NaN","0.0","NaN","NaN","NaN","NaN","NaN","80.6","No","00:04:25.8","7","89.6","01:56:56","02:18:36","423","757"
Cycling,2024-02-27 09:48:57,false,"Manor Cycling","31.02","1,399","01:52:47","151","177","16.5","36.8","2,087","2,051","NaN","NaN","NaN","NaN","0.0","NaN","NaN","NaN","NaN","NaN","73.4","No","00:04:15.4","7","84.2","01:51:54","02:08:18","319","688"
Cycling,2024-02-09 08:16:38,false,"Austin Cycling","21.45","995","01:16:59","158","180","16.7","30.5","1,171","1,329","NaN","NaN","NaN","NaN","0.0","NaN","NaN","NaN","NaN","NaN","69.8","No","00:05:37.8","5","78.8","01:16:21","01:24:06","400","619"
Cycling,2024-02-01 11:41:52,false,"Manor Cycling","31.13","1,458","01:54:56","155","187","16.3","36.0","1,342","1,430","NaN","NaN","NaN","NaN","0.0","NaN","NaN","NaN","NaN","NaN","77.0","No","00:05:00.4","7","86.0","01:54:24","02:06:57","354","636"
Cycling,2024-01-30 15:08:00,false,"Manor Cycling","31.21","1,361","02:00:11","151","179","15.6","33.2","1,512","1,457","NaN","NaN","NaN","NaN","0.0","NaN","NaN","NaN","NaN","NaN","78.8","No","00:05:35.5","7","87.8","01:59:26","02:07:41","453","718"
Cycling,2023-12-12 13:53:05,false,"Manor Cycling","10.34","444","00:37:12","143","179","16.7","30.2","387","387","NaN","NaN","NaN","NaN","0.0","NaN","NaN","NaN","NaN","NaN","78.8","No","00:01:04.2","3","82.4","00:37:02","00:37:53","509","570"
Cycling,2023-11-14 10:18:59,false,"Manor Cycling","31.06","1,413","01:54:15","150","181","16.3","35.0","1,398","1,286","NaN","NaN","NaN","NaN","0.0","NaN","NaN","NaN","NaN","NaN","73.4","No","00:03:46.3","7","87.8","01:53:26","02:19:54","509","715"
Cycling,2023-10-23 08:34:32,false,"Manor Cycling","31.11","1,093","01:54:50","133","181","16.3","33.9","1,161","1,083","NaN","NaN","NaN","NaN","0.0","NaN","NaN","NaN","NaN","NaN","75.2","No","00:03:47.2","7","84.2","01:54:02","02:20:26","373","626"
Cycling,2023-10-19 09:11:34,false,"Manor Cycling","31.10","1,330","01:48:11","150","178","17.2","32.0","1,368","1,273","NaN","NaN","NaN","NaN","0.0","NaN","NaN","NaN","NaN","NaN","75.2","No","00:03:20.4","7","86.0","01:47:44","02:01:07","423","706"
Cycling,2023-10-17 10:51:52,false,"Manor Cycling","31.08","1,316","01:48:15","149","176","17.2","34.3","1,161","1,132","NaN","NaN","NaN","NaN","0.0","NaN","NaN","NaN","NaN","NaN","71.6","No","00:03:41.4","7","80.6","01:47:35","02:05:21","447","667"
Cycling,2023-10-06 07:33:54,false,"Manor Cycling","31.10","1,411","01:50:47","154","178","16.8","33.9","1,621","1,673","NaN","NaN","NaN","NaN","0.0","NaN","NaN","NaN","NaN","NaN","75.2","No","00:03:52.1","7","86.0","01:49:43","02:10:33","355","625"
Cycling,2023-09-20 07:32:16,false,"Manor Cycling","31.05","1,235","01:44:55","146","173","17.8","34.9","1,568","1,578","NaN","NaN","NaN","NaN","0.0","NaN","NaN","NaN","NaN","NaN","77.0","No","00:03:59.9","7","87.8","01:44:10","02:00:25","278","665"
Cycling,2023-09-18 07:26:07,false,"Manor Cycling","31.05","1,256","01:48:42","144","174","17.1","34.3","1,539","1,496","NaN","NaN","NaN","NaN","0.0","NaN","NaN","NaN","NaN","NaN","71.6","No","00:03:49.4","7","86.0","01:47:44","02:05:24","406","758"
Cycling,2023-09-14 07:31:40,false,"Manor Cycling","31.32","1,106","01:50:42","136","174","17.0","31.6","1,407","1,371","NaN","NaN","NaN","NaN","0.0","NaN","NaN","NaN","NaN","NaN","77.0","No","00:04:42.8","7","84.2","01:49:08","02:08:00","427","741"
Cycling,2023-09-10 07:34:51,false,"Livestrong Cycling Challenge","97.21","3,806","05:57:44","152","178","16.3","35.6","5,341","5,459","NaN","NaN","NaN","NaN","0.0","NaN","NaN","NaN","NaN","NaN","82.4","No","00:08:03.8","20","100.4","05:55:13","07:34:55","402","1,170"
Cycling,2023-09-06 07:22:21,false,"Manor Cycling","30.89","1,192","01:48:27","141","175","17.1","33.1","1,729","1,696","NaN","NaN","NaN","NaN","0.0","NaN","NaN","NaN","NaN","NaN","78.8","No","00:03:52.7","7","93.2","01:47:47","02:10:30","561","854"
Cycling,2023-09-05 07:18:58,false,"Manor Cycling","31.06","1,168","01:53:33","138","173","16.4","35.0","1,864","1,716","NaN","NaN","NaN","NaN","0.0","NaN","NaN","NaN","NaN","NaN","82.4","No","00:04:35.9","7","91.4","01:52:48","02:09:09","406","791"
Cycling,2023-09-04 07:26:21,false,"Manor Cycling","30.74","1,136","01:49:49","137","176","16.8","34.8","1,490","1,637","NaN","NaN","NaN","NaN","0.0","NaN","NaN","NaN","NaN","NaN","80.6","No","00:03:21.8","7","87.8","01:48:59","02:22:40","263","614"
Cycling,2023-08-31 07:17:42,false,"Manor Cycling","42.28","1,485","02:39:10","132","175","15.9","32.9","1,768","1,709","NaN","NaN","NaN","NaN","0.0","NaN","NaN","NaN","NaN","NaN","71.6","No","00:07:47.9","9","95.0","02:37:24","03:18:25","400","665"
Cycling,2023-08-29 07:09:55,false,"Manor Cycling","52.01","2,047","03:27:15","137","176","15.1","34.8","2,211","2,123","NaN","NaN","NaN","NaN","0.0","NaN","NaN","NaN","NaN","NaN","77.0","No","00:08:07.9","11","96.8","03:24:31","04:14:48","293","689"
Cycling,2023-08-28 07:08:16,false,"Manor Cycling","30.80","1,078","01:57:25","133","171","15.7","32.5","1,368","1,293","NaN","NaN","NaN","NaN","0.0","NaN","NaN","NaN","NaN","NaN","78.8","No","00:03:50.6","7","91.4","01:56:02","02:19:06","391","660"
Cycling,2023-08-23 07:27:38,false,"Manor Cycling","41.92","1,497","02:42:39","129","175","15.5","32.3","2,054","2,100","NaN","NaN","NaN","NaN","0.0","NaN","NaN","NaN","NaN","NaN","82.4","No","00:07:06.7","9","95.0","02:40:26","03:37:51","260","630"
Cycling,2023-08-22 07:52:28,false,"Manor Cycling","30.93","1,225","01:55:45","140","172","16.0","34.8","1,555","1,673","NaN","NaN","NaN","NaN","0.0","NaN","NaN","NaN","NaN","NaN","86.0","No","00:03:51.4","7","95.0","01:55:02","02:10:17","352","667"
Cycling,2023-08-19 07:20:55,false,"Manor Cycling","50.15","1,847","03:10:00","137","182","15.8","33.9","2,172","2,136","NaN","NaN","NaN","NaN","0.0","NaN","NaN","NaN","NaN","NaN","78.8","No","00:00:45.9","11","96.8","03:08:58","03:45:22","394","732"
Cycling,2023-08-17 06:59:57,false,"Manor Cycling","45.07","1,683","02:58:40","137","175","15.1","33.2","2,448","2,326","NaN","NaN","NaN","NaN","0.0","NaN","NaN","NaN","NaN","NaN","78.8","No","00:00:23.6","10","96.8","02:56:22","03:33:41","371","744"
Cycling,2023-08-16 07:22:49,false,"Manor Cycling","31.31","1,320","01:56:28","145","177","16.1","32.7","1,335","1,293","NaN","NaN","NaN","NaN","0.0","NaN","NaN","NaN","NaN","NaN","77.0","No","00:04:56.9","7","91.4","01:55:45","02:13:47","304","639"
Cycling,2023-08-11 06:53:05,false,"Manor Cycling","31.97","1,323","02:00:31","143","175","15.9","36.4","1,512","1,565","NaN","NaN","NaN","NaN","0.0","NaN","NaN","NaN","NaN","NaN","82.4","No","00:06:38.1","7","91.4","01:59:10","02:23:07","337","621"
Cycling,2023-08-08 06:49:24,false,"Travis County Cycling","30.23","1,157","01:55:06","136","170","15.8","33.3","1,388","1,345","NaN","NaN","NaN","NaN","0.0","NaN","NaN","NaN","NaN","NaN","82.4","No","00:01:06.3","7","89.6","01:54:35","02:16:11","439","671"
Cycling,2023-08-07 06:42:16,false,"Manor Cycling","40.16","1,621","02:36:05","142","177","15.4","33.4","1,847","1,844","NaN","NaN","NaN","NaN","0.0","NaN","NaN","NaN","NaN","NaN","82.4","No","00:00:42.4","9","95.0","02:34:40","02:52:12","-32","702"
Cycling,2023-08-04 06:41:03,false,"Manor Cycling","31.09","1,278","01:56:45","142","174","16.0","35.7","1,709","1,804","NaN","NaN","NaN","NaN","0.0","NaN","NaN","NaN","NaN","NaN","82.4","No","00:04:20.7","7","93.2","01:55:54","02:22:52","291","653"
Cycling,2023-08-02 06:40:08,false,"Manor Cycling","32.52","1,172","02:14:30","132","173","14.5","31.1","1,358","1,322","NaN","NaN","NaN","NaN","0.0","NaN","NaN","NaN","NaN","NaN","77.0","No","00:10:51","7","93.2","02:13:52","02:28:30","398","628"
Cycling,2023-08-01 06:50:35,false,"Manor Cycling","30.04","1,269","02:00:53","145","179","14.9","31.3","1,348","1,430","NaN","NaN","NaN","NaN","0.0","NaN","NaN","NaN","NaN","NaN","80.6","No","00:00:19.7","7","91.4","02:00:17","02:08:30","375","630"
Cycling,2023-05-17 17:47:07,false,"Manor Cycling","18.45","625","01:58:58","104","136","9.3","27.1","679","741","NaN","NaN","NaN","NaN","0.0","NaN","NaN","NaN","NaN","NaN","84.2","No","00:22:31","4","95.0","01:57:40","02:14:59","341","617"
Cycling,2023-01-16 17:48:40,false,"Manor Cycling","5.93","226","00:20:48","134","158","17.1","22.4","112","112","NaN","NaN","NaN","NaN","0.0","NaN","NaN","NaN","NaN","NaN","75.2","No","00:03:43.2","2","82.4","00:20:41","00:20:48","511","536"
Cycling,2022-10-23 07:36:34,false,"Austin Cycling","63.73","2,375","03:56:12","145","178","16.2","32.3","2,740","2,910","NaN","NaN","NaN","NaN","0.0","NaN","NaN","NaN","NaN","NaN","69.8","No","00:12:39","13","84.2","03:54:51","04:32:17","177","866"
Cycling,2022-10-14 09:24:05,false,"Manor Cycling","45.33","1,711","02:44:19","146","176","16.6","32.0","2,438","2,333","NaN","NaN","NaN","NaN","0.0","NaN","NaN","NaN","NaN","NaN","77.0","No","00:01:10.0","10","91.4","02:43:16","03:00:40","401","749"
Cycling,2022-10-09 09:52:53,false,"Manor Cycling","37.14","1,593","02:20:29","149","173","15.9","30.4","1,975","1,870","NaN","NaN","NaN","NaN","0.0","NaN","NaN","NaN","NaN","NaN","77.0","No","00:08:58.9","8","89.6","02:19:22","02:31:36","468","747"
Cycling,2022-10-05 19:13:18,false,"Manor Cycling","10.60","422","00:34:56","143","169","18.2","22.4","351","394","NaN","NaN","NaN","NaN","0.0","NaN","NaN","NaN","NaN","NaN","82.4","No","00:01:57.6","3","84.2","00:34:50","00:34:56","475","558"
Cycling,2022-10-02 09:18:27,false,"Manor Cycling","31.09","1,322","01:55:55","148","183","16.1","29.4","1,483","1,286","NaN","NaN","NaN","NaN","0.0","NaN","NaN","NaN","NaN","NaN","73.4","No","00:03:38.3","7","86.0","01:54:26","02:19:16","499","732"
Cycling,2022-10-01 11:35:57,false,"Cycling","15.62","806","01:06:52","149","174","14.0","--","--","--","NaN","NaN","NaN","NaN","0.0","NaN","NaN","NaN","NaN","NaN","84.2","No","01:06:52","1","89.6","00:00:00","01:06:52","186","731"
Cycling,2022-08-07 08:40:13,false,"Manor Cycling","20.34","953","01:17:31","152","174","15.7","29.0","9,449","10,161","NaN","NaN","NaN","NaN","0.0","NaN","NaN","NaN","NaN","NaN","84.2","No","00:01:11.0","5","93.2","01:17:09","01:23:19","-67","673"
Cycling,2022-07-28 20:25:33,false,"Manor Cycling","10.17","496","00:36:48","155","174","16.6","24.3","262","282","NaN","NaN","NaN","NaN","0.0","NaN","NaN","NaN","NaN","NaN","86.0","No","00:00:44.4","3","91.4","00:36:43","00:36:48","558","627"
Cycling,2022-06-28 15:34:38,false,"Cycling","0.00","765","00:59:44","152","185","--","--","--","--","NaN","NaN","NaN","NaN","0.0","NaN","NaN","NaN","NaN","NaN","87.8","No","00:59:44","1","96.8","00:00:00","00:59:59","496","684"
Cycling,2022-03-24 18:03:01,false,"Austin Cycling","13.15","625","00:49:41","154","176","15.9","35.8","584","909","NaN","NaN","NaN","NaN","0.0","NaN","NaN","NaN","NaN","NaN","78.8","No","00:14:11","3","82.4","00:48:41","01:07:13","371","871"
Cycling,2022-02-18 15:29:49,false,"Austin Cycling","19.86","851","01:18:28","143","171","15.2","27.9","912","1,148","NaN","NaN","NaN","NaN","0.0","NaN","NaN","NaN","NaN","NaN","64.4","No","00:18:58","4","78.8","01:16:58","01:38:49","362","871"
Cycling,2022-01-05 14:22:32,false,"Austin Cycling","20.57","888","01:14:06","148","170","16.7","28.7","758","804","NaN","NaN","NaN","NaN","0.0","NaN","NaN","NaN","NaN","NaN","77.0","No","00:02:13.9","5","86.0","01:13:31","01:16:54","686","826"
Cycling,2022-01-04 16:19:19,false,"Austin Cycling","10.17","468","00:36:22","149","168","16.8","26.9","420","430","NaN","NaN","NaN","NaN","0.0","NaN","NaN","NaN","NaN","NaN","71.6","No","00:00:54.8","3","78.8","00:36:10","00:36:48","667","832"
Cycling,2021-11-29 11:25:20,false,"Las Cruces Cycling","22.48","908","01:21:17","146","175","16.6","31.0","1,165","1,122","NaN","NaN","NaN","NaN","0.0","NaN","NaN","NaN","NaN","NaN","68.0","No","00:09:37.5","5","82.4","01:20:34","01:32:28","4,051","4,377"
Cycling,2021-11-28 11:01:03,false,"Las Cruces Cycling","14.95","607","01:42:35","110","145","8.7","51.7","499","148","NaN","NaN","NaN","NaN","0.0","NaN","NaN","NaN","NaN","NaN","69.8","No","00:20:51","3","82.4","01:40:48","02:21:16","3,958","4,383"
Cycling,2021-10-28 12:14:31,false,"Austin Cycling","15.13","595","00:52:24","140","166","17.3","29.3","843","853","NaN","NaN","NaN","NaN","0.0","NaN","NaN","NaN","NaN","NaN","80.6","No","00:00:46.9","4","89.6","00:52:09","00:56:33","706","814"
Cycling,2021-10-23 18:23:50,false,"Austin Cycling","21.02","918","01:09:02","155","180","18.3","27.2","1,427","1,358","NaN","NaN","NaN","NaN","0.0","NaN","NaN","NaN","NaN","NaN","80.6","No","00:03:52.2","5","84.2","01:08:17","01:09:10","683","808"
Cycling,2021-10-18 15:28:07,false,"Austin Cycling","30.19","1,268","01:50:21","147","175","16.4","34.4","1,506","1,640","NaN","NaN","NaN","NaN","0.0","NaN","NaN","NaN","NaN","NaN","82.4","No","00:00:51.1","7","87.8","01:49:17","02:10:47","353","895"
Cycling,2021-10-09 10:43:41,false,"Austin Cycling","21.20","999","01:11:06","161","178","17.9","26.1","1,391","1,394","NaN","NaN","NaN","NaN","0.0","NaN","NaN","NaN","NaN","NaN","84.2","No","00:04:07.8","5","89.6","01:10:54","01:12:20","709","852"
Cycling,2021-09-25 09:41:37,false,"Austin Cycling","26.04","1,143","01:38:56","148","180","15.8","33.5","1,552","1,375","NaN","NaN","NaN","NaN","0.0","NaN","NaN","NaN","NaN","NaN","78.8","No","00:03:37.0","6","93.2","01:37:31","01:53:48","591","1,037"
Cycling,2021-09-10 07:36:02,false,"Austin Cycling","40.04","1,620","02:27:49","144","174","16.3","33.8","1,890","1,926","NaN","NaN","NaN","NaN","0.0","NaN","NaN","NaN","NaN","NaN","71.6","No","00:00:17.2","9","91.4","00:NaN:NaN","03:06:12","409","864"
Cycling,2021-09-01 07:27:10,false,"Austin Cycling","31.74","1,229","02:08:36","136","171","14.8","34.1","2,421","2,720","NaN","NaN","NaN","NaN","0.0","NaN","NaN","NaN","NaN","NaN","82.4","No","00:06:57.0","7","91.4","02:06:08","02:44:03","406","874"
Cycling,2021-08-31 07:21:00,false,"Austin Cycling","33.08","1,519","02:06:06","153","181","15.7","35.0","2,516","2,087","NaN","NaN","NaN","NaN","0.0","NaN","NaN","NaN","NaN","NaN","80.6","No","00:10:19","7","93.2","00:NaN:NaN","02:34:35","434","1,480"
Cycling,2021-08-25 18:52:09,false,"Austin Cycling","21.00","1,001","01:20:18","154","176","15.7","34.9","1,289","1,293","NaN","NaN","NaN","NaN","0.0","NaN","NaN","NaN","NaN","NaN","89.6","No","00:03:55.5","5","95.0","01:19:33","01:32:09","449","818"
Cycling,2021-08-24 18:58:05,false,"Austin Cycling","25.06","1,278","01:36:58","158","182","15.5","33.1","1,562","1,647","NaN","NaN","NaN","NaN","0.0","NaN","NaN","NaN","NaN","NaN","89.6","No","00:00:19.2","6","93.2","01:36:20","01:54:47","427","862"
Cycling,2021-07-31 09:18:09,false,"Austin Cycling","15.54","750","00:57:30","153","178","16.2","29.3","823","794","NaN","NaN","NaN","NaN","0.0","NaN","NaN","NaN","NaN","NaN","84.2","No","00:02:04.4","4","95.0","00:NaN:NaN","01:01:33","594","866"
Cycling,2021-07-20 18:38:39,false,"Austin Cycling","22.34","1,008","01:23:26","151","178","16.1","33.6","1,188","1,188","NaN","NaN","NaN","NaN","0.0","NaN","NaN","NaN","NaN","NaN","84.2","No","00:08:15.7","5","91.4","01:22:35","01:41:48","385","867"
Cycling,2021-07-14 19:12:06,false,"Austin Cycling","16.06","734","00:58:46","151","179","16.4","29.7","843","827","NaN","NaN","NaN","NaN","0.0","NaN","NaN","NaN","NaN","NaN","84.2","No","00:03:38.9","4","89.6","00:57:34","01:10:49","555","864"
Cycling,2021-07-12 19:15:55,false,"Austin Cycling","20.96","829","01:14:45","144","170","16.8","28.2","1,119","968","NaN","NaN","NaN","NaN","0.0","NaN","NaN","NaN","NaN","NaN","82.4","No","00:03:48.6","5","86.0","01:14:15","01:19:11","688","1,074"
Cycling,2021-07-11 19:16:13,false,"Austin Cycling","13.14","600","00:49:28","148","173","15.9","34.2","643","945","NaN","NaN","NaN","NaN","0.0","NaN","NaN","NaN","NaN","NaN","84.2","No","00:13:58","3","89.6","00:48:48","01:01:09","421","860"
Cycling,2021-06-14 09:43:50,false,"Austin Cycling","12.90","664","00:48:23","157","175","16.0","30.5","843","755","NaN","NaN","NaN","NaN","0.0","NaN","NaN","NaN","NaN","NaN","86.0","No","00:12:09","3","95.0","00:48:06","00:51:09","706","831"
Cycling,2021-06-06 12:38:21,false,"Austin Cycling","12.92","575","00:46:37","146","172","16.6","29.0","614","597","NaN","NaN","NaN","NaN","0.0","NaN","NaN","NaN","NaN","NaN","84.2","No","00:10:07","3","93.2","00:46:26","00:48:37","675","837"
Cycling,2021-06-02 18:36:28,false,"Austin Cycling","10.27","467","00:36:36","148","174","16.8","28.8","528","492","NaN","NaN","NaN","NaN","0.0","NaN","NaN","NaN","NaN","NaN","84.2","No","00:01:17.1","3","87.8","00:36:30","00:36:36","747","860"
Cycling,2021-05-12 15:28:49,false,"Austin Cycling","4.95","198","00:20:26","128","170","14.5","31.4","230","213","NaN","NaN","NaN","NaN","0.0","NaN","NaN","NaN","NaN","NaN","78.8","No","00:20:26","1","82.4","00:20:18","00:26:11","717","826"
Cycling,2021-04-12 12:22:35,false,"Austin Cycling","22.85","1,068","01:28:52","153","176","15.4","32.5","1,529","1,565","NaN","NaN","NaN","NaN","0.0","NaN","NaN","NaN","NaN","NaN","80.6","No","00:13:07","5","95.0","01:27:55","01:44:29","749","1,218"
Cycling,2021-04-06 11:57:06,false,"Las Cruces Cycling","11.62","479","00:43:22","138","171","16.1","33.5","715","719","NaN","NaN","NaN","NaN","0.0","NaN","NaN","NaN","NaN","NaN","82.4","No","00:06:41.8","3","87.8","00:43:05","00:43:52","4,169","4,392"
Cycling,2021-04-05 08:44:06,false,"Las Cruces Cycling","23.19","1,020","01:22:41","149","186","16.8","30.7","1,309","1,280","NaN","NaN","NaN","NaN","0.0","NaN","NaN","NaN","NaN","NaN","73.4","No","00:10:20","5","84.2","01:21:44","02:19:16","3,927","4,319"
Cycling,2021-03-08 14:54:38,false,"Austin Cycling","20.39","626","01:16:22","126","158","16.0","29.7","919","928","NaN","NaN","NaN","NaN","0.0","NaN","NaN","NaN","NaN","NaN","71.6","No","00:01:43.0","5","84.2","01:15:24","01:24:12","646","880"
Cycling,2021-03-02 16:09:04,false,"Austin Cycling","12.10","484","00:42:05","139","168","17.2","30.1","577","571","NaN","NaN","NaN","NaN","0.0","NaN","NaN","NaN","NaN","NaN","69.8","No","00:07:34.8","3","78.8","00:41:58","00:42:36","712","835"
Cycling,2021-03-01 14:16:34,false,"Austin Cycling","29.13","1,094","01:55:52","136","171","15.1","28.2","1,407","1,427","NaN","NaN","NaN","NaN","0.0","NaN","NaN","NaN","NaN","NaN","62.6","No","00:16:09","6","80.6","01:55:15","02:05:13","433","866"
